"source","scientificName","commonName","status","restriction","avibaseId","reason"
"fr","Anthus rubescens rubescens","Buff-bellied Pipit","1","Committee list; review identification groups and subspecies","A1507E3C","User policy: retain an exact nonreportable concept as unresolved; never assign its parent species."
"fr","Phoenicurus ochruros phoenicuroides","Eastern Black Redstart","1","Committee list; review identification groups and subspecies","A7B82161","User policy: retain an exact nonreportable concept as unresolved; never assign its parent species."
"fr","Curruca curruca halimodendri/minula/margelanica","Eastern Lesser Whitethroat","1","Committee list; review identification groups and subspecies","","No exact reportable concept for this union; leswhi1 includes a different set of subspecies. Retain unresolved rather than broadening scope."
"fr","Porphyrio poliocephalus seistanicus","Grey-headed Swamphen","1","Committee list; review identification groups and subspecies","F7BB8A30","User policy: retain an exact nonreportable concept as unresolved; never assign its parent species."
"fr","Ficedula hypoleuca iberiae/Ficedula speculigera","Iberian Pied Flycatcher/Atlas Flycatcher","1","Committee list; review identification groups and subspecies","","No exact reportable concept for the source union. y00819 includes all Pied Flycatcher populations, rather than just iberiae."
"fr","Curruca curruca blythi","Siberian Lesser Whitethroat","1","Committee list; review identification groups and subspecies","40831EE2","User policy: retain an exact nonreportable concept as unresolved; never assign its parent species."
"fr","Buteo buteo vulpinus","Steppe Buzzard","1","Committee list; review identification groups and subspecies","9DD02E31","User policy: retain an exact nonreportable concept as unresolved; never assign its parent species."
"fr","Dendrocopos leucotos leucotos","White-backed Woodpecker","1","Committee list; review identification groups and subspecies","ECBDA85D","User policy: retain an exact nonreportable concept as unresolved; never assign its parent species."
"de","Charadrius mongolus","Siberian Sand Plover","1","","66DA1FB3","The 2023 source name historically covered the Lesser Sand-Plover complex. The current narrow Siberian concept is confirmed in IOC 13.2, but equivalence to the source edition has not been established. Leave unresolved rather than assigning the narrow concept by its English name."
"de","Gallinago gallinago faeroeensis","Common Snipe","1","nur diese Unterart","15EC3171","User policy: retain an exact nonreportable concept as unresolved; never assign its parent species."
"de","Accipiter gentilis buteoides","Northern Goshawk","1","nur diese Unterart","8C6B8BEA","Renamed to Astur gentilis buteoides (Avibase 8C6B8BEA), which is not reportable. Do not assign the whole Eurasian Goshawk code."
"de","Buteo buteo vulpinus","Steppe Buzzard","1","nur diese Unterart","9DD02E31","User policy: retain an exact nonreportable concept as unresolved; never assign its parent species."
"de","Dryobates minor minor","Lesser Spotted Woodpecker","1","nur diese Unterart","8A437763","User policy: retain an exact nonreportable concept as unresolved; never assign its parent species."
"de","Lanius excubitor homeyeri","Great Grey Shrike","1","nur diese Unterart","3D24AA41","User policy: retain an exact nonreportable concept as unresolved; never assign its parent species."
"de","Panurus biarmicus russicus","Bearded Reedling","1","nur diese Unterart","BD42843C","User policy: retain an exact nonreportable concept as unresolved; never assign its parent species."
"de","Sylvia curruca blythi / halimodendri","Eastern Lesser Whitethroat","1","nur diese Unterarten","","No exact reportable union for just these two subspecies; current reportable groups contain additional populations."
"de","Phoenicurus ochruros phoenicuroides","Eastern Black Redstart","1","nur diese Unterart","A7B82161","User policy: retain an exact nonreportable concept as unresolved; never assign its parent species."
"de","Acanthis flammea rostrata","""Greenland Redpoll""","1","nur diese Unterart","ADB0E7C5","User policy: retain an exact nonreportable concept as unresolved; never assign its parent species."
"de","Emberiza schoeniclus tschusii","Common Reed Bunting","1","nur diese Unterart","0A2CF8A1","User policy: retain an exact nonreportable concept as unresolved; never assign its parent species."
